"Id";"Designator";"Footprint";"Quantity";"Designation";"Supplier and ref";
1;"C9,C12,C4";"C_0201_0603Metric_Pad0.64x0.40mm_HandSolder";3;".1uF";;;
2;"R8,R1";"R_0201_0603Metric_Pad0.64x0.40mm_HandSolder";2;"10k";;;
3;"LED1";"LED_1206_3216Metric_Pad1.42x1.75mm_HandSolder";1;"GREEN";;;
4;"LED14,LED8,LED13,LED16";"LED_1206_3216Metric_Pad1.42x1.75mm_HandSolder";4;"RED";;;
5;"C20,C10,C19,C11,C16,C17,C15";"C_0201_0603Metric_Pad0.64x0.40mm_HandSolder";7;"C-EUC0603";;;
6;"C6,C5";"C_0805_2012Metric_Pad1.18x1.45mm_HandSolder";2;"10uF";;;
7;"R11,R10,R9,R7";"R_0201_0603Metric_Pad0.64x0.40mm_HandSolder";4;"330";;;
8;"PB7,ADC8,SDA1,SCL1,RX,TX,PE6,3.3V";"TestPoint_Pad_1.5x1.5mm";8;"SEWTAP9";;;
9;"C25,C27,C26,C24,C23";"C_0402_1005Metric";5;"10pF";;;
10;"C2,C7,C8";"C_0201_0603Metric_Pad0.64x0.40mm_HandSolder";3;"0.1uF";;;
11;"C13,C3,C14";"C_1206_3216Metric_Pad1.33x1.80mm_HandSolder";3;"4.7uF";;;
12;"J6,J4,J5,J3";"BBS-106-X-X";4;"BBS-106-X-X";;;
13;"R5,R6";"R_0201_0603Metric_Pad0.64x0.40mm_HandSolder";2;"22";;;
14;"NEOPIXEL,J8";"TSW-101-23-L-T";2;"TSW-101-23-L-T";;;
15;"R4,R2";"R_0201_0603Metric_Pad0.64x0.40mm_HandSolder";2;"10K";;;
16;"U6";"MIC5219";1;"MIC5219";;;
17;"D18";"D_SMA_Handsoldering";1;"DIODE-SCHOTTKY-B340A";;;
18;"USB";"USB_Micro-AB_Molex_47590-0001";1;"USB-ABCONN-11794";;;
19;"CONN3,CONN4";"JST_SH_BM04B-SRSS-TB_1x04-1MP_P1.00mm_Vertical";2;"STEMMA_I2C_QT";;;
20;"ISP";"67997-206HLF";1;"67997-206HLF";;;
21;"BATTERY";"MTMM-102-06-L-S-250";1;"MTMM-102-06-L-S-250";;;
22;"Y1";"Crystal_SMD_SeikoEpson_TSX3225-4Pin_3.2x2.5mm";1;"Crystal_GND24";;;
23;"U5";"SOT-23-5_HandSoldering";1;"MCP73831";;;
24;"U2";"ATMEGA32U4-AUR";1;"ATMEGA32U41:1-LESS_PASTE";;;
25;"ON";"AYZ0202";1;"SWITCH-DPDTAYZ0202";;;
26;"U7";"DIP794W45P254L1930H508Q14";1;"74AHCT125";;;
27;"U1";"InvenSense_QFN-24_4x4mm_P0.5mm";1;"MPU-6050";;;
28;"C1";"C_0201_0603Metric_Pad0.64x0.40mm_HandSolder";1;"2.2nF";;;
29;"C18";"C_0201_0603Metric_Pad0.64x0.40mm_HandSolder";1;"1uF";;;
30;"Q2";"SOT-363_SC-70-6_Handsoldering";1;"BSS138";;;
31;"C21";"C_0201_0603Metric_Pad0.64x0.40mm_HandSolder";1;"470pF";;;
32;"R3";"R_Array_Convex_4x0603";1;"10K";;;
33;"C22";"C_0402_1005Metric";1;"2.2uF";;;
34;"S1";"SW_TL3305BF160QG";1;"TL3305BF160QG";;;
